Имя,Число изображений,Количество вариантов имён,Варианты имён
Агафонов Николай Яковлевич,1,1,Агафонов
Адлер Б.,1,1,Адлер
Адрианов Александр Васильевич,23,1,Адрианов
Адрианова Нина Александровна,1,1,Адрианова
Азанчевский-Азанчеев Всеволод Николаевич,1,1,Азанчевский
Акерблом Сергей Иванович,3,1,Акерблом
Акпаев Жакып,1,1,Акпаев
Александров П.,1,1,Александров
Алексеевский Владимир Петрович,1,1,Алексеевский
Альджанов (Альжанов) Отыншы (Отунчи),2,1,Альджанов
Андреев В.,1,1,Андреев
Андреев В. & Николаев Н.,1,1,Андреев и Николаев
Андреев Н.,2,2,"Андреев Н, Андреев"
Андреева Анна,1,1,Андреева
Андреева Е.П.,2,1,Андреева
Анненский Николай Федорович,2,1,Анненский
Анохин Андрей Викторович,7,1,Анохин
Антонова Валентина Константиновна,31,1,Антонова
Антонова Е.,2,1,Антонова Е
Антонова Л.,1,1,Антонова Л
Анучин Василий Иванович,6,1,Анучин В
Анучин Дмитрий Николаевич,22,1,Анучин Д
Анучин Сергей Иванович,1,1,Анучин С
Аринкина Е.,2,1,Аринкина
Ариян Прасковья Наумовна,1,1,Ариян
Арканов Семен,1,1,Арканов
Арсеньев Владимир Клавдиевич,1,1,Арсеньев
Ассанов Николай Иванович,2,1,Ассанов
Афанасьев Михаил Алексеевич,1,1,Афанасьев
Бабанина Елена,3,1,Бабанина
Багашев Иван Васильевич,7,2,"Богашев, Багашев"
Багашева Екатерина Семеновна,1,1,Багашева
Бадмехов Хоммани & Анчуковские & Клеменцы & Ошурковы & Прейн Яков Пвлович & Обручев Владимир Афанасьевич & Подгорбунский & Першин Петр Иванович & Лаврентьев О. & Брызгалов & Симонович & Яковлев,1,1,"Клеменцы, Ошурковы"
Базанова Лидия Павловна,10,1,Базанова
Базанова Лидия Павловна & Гарин И.,1,1,Базанова Гарин
Базанова Ю. & Баснин Николай Васильевич,1,1,Базанова и Баснин
Базаров Иван,3,1,Базаров
Базилевская Александра Ивановна,3,1,Базилевская
Баитов Григорий Борисович,1,1,Баитов
Байбородин Н.Т.,1,1,Байбородин
Балакшин Александр Николаевич,4,1,Балакшин
Балакшин Александр Николаевич & Балакшина,1,1,Балакшины
Баландина Вера Арсеньевна,7,1,Баландина
Балобанова Екатерина Вячеславовна,1,1,Балобикова
Банзаров Дорджи (Банзарай Доржо),3,1,Банзаров
Барановская Е.,2,1,Барановская
Баранцевич Казимир Станиславович,1,1,Баранцевич
Бартенев Виктор Викторович,3,1,Бартенев
Бартольд Василий Владимирович,1,1,Бартольд
Бартрам Николай Дмитриевич,1,1,Бартрам
Баснин Николай Васильевич,1,1,Баснин
Баталин Александр Федорович,6,1,Баталин
Баторов Петр Павлович,2,1,Баторов
Бая Де Барон,1,1,Де Бая
Безрукова Александра Г.,1,1,Безрукова
Бейлин Михаил Рафаилович,3,2,"Бейлин, Бейлин М"
Бейлин Соломон Хаимович,10,2,"Бейлин, Бейлин С"
Белоголовая Надежда Александровна,6,2,"Белоголовая Н, Белоголовая"
Белоголовый Андрей Андреевич,3,1,Белоголовый А
Белоголовый Юрий Андреевич,2,1,Белоголовый Ю
Белозерова Анимаса А.,2,1,Белозерова
Белозерова Анимаса А. & Клеменц Елизавета Николаевна & Педашенко Агния,1,1,"Белозерова, Клеменц, Педашенко"
Белослюдов Алексей Николаевич,1,1,Белослюдов
Бельденинов Иннокентий Иванович,1,1,Бельденинов
Березин Николай Ильич,1,1,Березин
Березовский Михаил Михайлович,2,1,Березовский
Беренштам Вильям Людвигович,3,1,Беренштам
Бессонова М.,1,1,Бессонова
Библиотека Императорского вольного экономического общества,2,1,Библиотека
Библиотека Томского технологического института,1,1,Библиотека ТТИ
Бийский отдел Общества изучения Сибири,1,1,Бийский отдел ОИС
Биль,1,1,Биль
Блавачинская А.Л.,1,1,Блавачинская
Блохина М.,2,1,Блохина
Богатырева П.,2,1,Богатырева
Богданов Владимир Владимирович,5,1,Богданов
Боголепов Михаил Иванович,1,1,Боголепов
Боголюбская Александра Семеновна,4,1,Боголюбская
Бойе Поль,2,1,Бойе
Бонапарт Ролан,1,1,Бонапарт
Бондаревская (Табанакова) А.,1,1,Бондаревская
Бондарь Григорий Григорьевич,1,1,Бондарь
Бородин Николай Андреевич,2,1,Бородин
Боткин Александр Сергеевич,1,1,Боткин
Бражников Павел Николаевич,1,1,Бражников
Букейханов А.,6,2,"Букейфанов, Букейханов"
Булгаков Валентин Федорович,10,1,Булгаков
Бутович Григорий Антонович,1,1,Бутович
Ваганов К.,1,1,Ваганов
Вагин Всеволод Иванович,1,1,Вагин
Вагина Л.,1,1,Вагина
Вагнер (Дзвонкевич) Екатерина Николаевна,32,2,"Вагнер Е, Вагнер"
Вагнер Юлий Николаевич,1,1,Вагнер Ю
Валиханов,1,1,Валиханов
Валиханов М.,3,1,Валиханов М
Валиханов Чингиз,2,2,"Валиханов Ч, Валиханов Чингиз"
Валлев П.М.,1,1,Валлев
Вамбоцеренов Ирдыни,3,1,Вамбоцеренов
Васенев Алексей Данилович,6,1,Васенев
Василевский В.,1,1,Василевский В
Василевский Лев Маркович,1,1,Василевский Л
Васильева Агния Евгеньевна,7,1,Васильева А
Васильева Мария Георгиевна,2,1,Васильева М
Васильева Н.,1,1,Васильева Н
Васильева-Потанина Мария Георгиевна,1,1,Васильева
Васьков Константин Николаевич,2,1,Васьков
Ватсон Л.,8,1,Ватсон Л
Вейнберг Мария Евгеньевна,4,1,Вейнберг
Вейнберг Мария Евгеньевна & Вейнберг Борис Петрович,1,1,Вейнберги
Вендин Н.,3,1,Вендин
Верещагин Виктор Иванович,1,1,Верещагин
Веселов Д.,1,1,Веселов
Веселовский Александр Николаевич,8,3,"Веселовский А., Веселовский А, Веселовский"
Веселовский Николай Иванович,3,1,Веселовский Н
Ветвинова Таисия Николаевна,5,2,"Витвинова, Ветвинова"
Виноградов Павел Тимофеевич,1,1,Виноградов
Витте Александр Юльевич,5,1,Витте
Властов Георгий Константинович,1,1,Властов
Вознесенская Евгения,5,1,Вознесенская
Вознесенские,1,1,Вознесенские
Вознесенский Аркадий Викторович,2,2,"Вознесенский А, Вознесенский Аркадий"
Вознесенский Михаил Николаевич,2,2,"Вознесенский М, Вознесенский"
Вознесенский Н.,1,1,Вознесенский
Войкова А.Е.,2,1,Войкова А
Войкова Е.,1,1,Войкова
Войкова Е. ? Екатерина Владимировна?,1,1,Войкова
Вологодский Петр Васильевич,3,1,Вологодский
Воложанина В.,3,1,Воложанина
Вольфсон Дмитрий Дмитриевич,5,1,Вольфсон
Воробьев Андрей Иванович,1,1,Воробьев
Воронов Павел Трофимович,1,1,Воронов
Восточно-Сибирский отдел Императорского Русского географического общества,2,1,ВСО РГО
Восточно-Сибирский отдел Императорского Русского географического общества & Ширяев Федор Геннадьевич,1,1,ВСО РГО
Вострова Т.,2,1,Вострова
Вотинцева Е.С.,2,1,Вотинцева
Вяткин Георгий Андреевич,1,1,Вяткин
Вяткин Георгий Андреевич & Бахарев Ефим Афанасьевич,1,1,Вяткин и Бахарев
В… Н.,1,1,В.Н
Галобалев А.П.,1,1,Галобалев
Ганейзер Евгений Адольфович,5,1,Ганейзер
Ганзен Петр Готфридович,7,1,Ганзен
Гарбер И.В.,1,1,Гарбер
Гарильцев И.,1,1,Гарильцев
Гаршниева М. / Баршниева М.,1,1,Гаршниева
Гацисский Александр Серафимович,1,1,Гацисский
Гейер Генри,1,1,Гейер
Герценштейн Соломон Маркович,2,1,Герценштейн
Гилькова Е.,1,1,Гилькова
Главное управление казачьих войск,1,1,Главное управление казачьих войск
Глей А.,1,1,Глей
Головачев Алексей Адрианович,1,1,Головачев А
Головачев Дмитрий Михайлович,4,1,Головачев Д
Головачев Дмитрий Михайлович & Ульрих,1,1,Ульрих и Головачев Д
Головачев Петр Михайлович,9,2,"Головачев, Головачев П"
Головачева Констанция Эдуардовна,4,1,Головачева
Гомбоев Николай (Найдан) Иванович,3,1,Гомбоев Н
Гомбоева Наталья Николаевна,6,1,Гомбоева
Горбулева А.,1,1,Горбулева
Горбунов-Посадов Иван Иванович,1,1,Горбунов
Горохов Владимир Александрович,1,1,Горохов В
Горохов Сергей Владимирович,1,1,Горохов С
Горяев Владимир Петрович,1,1,Горяев
Горячкина А.,2,2,"Горячкина, Грячкина"
Градецкий Михаил Демьянович,1,1,Градецкий
Грамматчикова Людмила Федоровна,1,1,Грамматчикова
Гребенщиков Георгий Дмитриевич,4,1,Гребенщиков
Григоровский Николай Иванович,4,1,Григоровский Н
Григорьев Александр Васильевич,10,1,Григорьев А
Григорьев Виктор Ювентинович,12,2,"Григорьев В, Григорьев"
Григорьев Виктор Ювентинович & Тугаринов А.,1,1,Григорьев и Тугаринов
Григорьев Михаил,1,1,Григорьев М
Григорьев С.,1,1,Григорьев С
Григорьева А.,4,1,Григорьева А
Григорьевская гимназия (Иркутск),1,1,Григорьевская гимназия
Грудинин Дмитрий Афанасьевич,3,1,Грудинин
Грудинина А.,1,1,Грудинина
Груздева О.,2,1,Груздева
Гукчин Н.,1,1,Гукчин
Гуляев Николай Степанович,1,1,Гуляев
Гурари Вера Давыдовна,2,1,Гурари
Гуркин Григорий Иванович,18,1,Гуркин Г
Д.Т. ?Тринин,1,1,Д.Т
Давигдов,3,1,Давигдов
Давид,1,1,Давид
Давыдов Дмитрий Никанорович,1,1,Давыдов
Девриен Альфред Федорович,3,1,Девриен
Демин П.,1,1,Демин
Денисов П.И.,1,1,Денисов
Деспот-Зенович Александр Иванович,2,1,Деспот-Зенович
Дзюбинский Владимир Иванович,1,1,Дзюбинский
Дикгоф В.,1,1,Дикгоф
Директор Иркутского промышленного училища,1,1,Директор Иркутского училища
Дмитриев Петр,3,1,Дмитриев
Долина (Горленко) Мария Ивановна,3,1,Долина
Досекин В.,2,1,Досекин
Досекина Зинаида,6,1,Досекина
Достоевский Андрей Андреевич  & Семенов Тян-Шанский Петр Петрович & Сапожников Василий Васильевич & Козлов Иван Савельевич,1,1,Достоевский и другие
Достоевский Андрей Андреевич & Козлов Иван Савельевич & Анда О. & Семенов-Тян-Шанский Петр Петрович,1,1,"Достоевский, Козлов и др"
Дэнаяк Хамба-лама,1,1,Хамба-лама
Еленев Алексей Сергеевич,1,1,Еленев
Емельянов Алексей Алексеевич,2,1,Емельянов
Ефимов А.И.,4,1,Ефимов А
Ефимов Ростислав Иванович,1,1,Ефимов Р
Жане В.Н.,5,1,Жане
Жанэ-Раппопорт В.,1,1,Жанэ-Раппопорт
Железнов Владимир Яковлевич,1,1,Железнов
Жемчужников Андрей Аполлонович,1,1,Жемчужников
Жерновков Григорий Иванович,1,1,Жерновков
Жуков Иннокентий Николаевич,3,1,Жуков
Жукова Ал.,1,1,Жукова
Жуковский Н. & Кожевников Г.,1,1,Жуковский и Кожевников
Завитков А.,1,1,Завитков
Заостровская Н.,2,1,Заостровская
Западно-Сибирский отдел Императорского Русского географического общества,2,1,ЗСО РГО
Западно-Сибирский отдел Императорского Русского географического общества & Ширяев Федор Геннадьевич & Седельников Александр Никитич,1,1,Ширяев
Засс Фердинанд Егорович,1,1,Засс
Захариков Ф.,4,1,Захариков
Зверев Дмитрий Иванович,4,1,Зверев
Зензинов Михаил Михайлович,3,1,Зензинов
Зимин В.,1,1,Зимин
Златковский В.К.,4,1,Златковский
Златковский В.К. & Златковская Ю.И.,1,1,Златковские
Знакомые и друзья,1,1,Знакомые
Зобнин Филипп Козмич,10,1,Зобнин
Зубашев Ефим Лукьянович,1,1,Зубашев
Зубашев Лев,1,1,Зубашев
Зубашева Ольга Александровна,7,1,Зубашева
Зуев А.,1,1,Зуев
Зуева А.,4,1,Зуева
Зунделевич С.,1,1,Зунделевич
Ибрагимов Абдурашид Гумерович,3,2,"Ибрагимов, Ибрагимов А"
Иваницкий Николай Александрович,2,1,Иваницкий
Иванов Н.,1,1,Иванов Н
Ивановский Алексей Осипович,48,2,"Ивановский, Ивановский Алексей"
Ивановский Арсений,1,1,Ивановский Арсений
Иванчин-Писарев Александр Иванович,3,1,Иванчин-Писарев
Игнатов Павел Григорьевич,1,1,Игнатов
Ида,1,1,Ида
Императорское Русское географическое общество,2,1,РГО
Иннокентий Ману… / Молчанов?,1,1,Ману
Иркутское отделение Союза равноправности женщин,1,1,Союз женщин
Иркутяне,1,1,Иркутяне
Исполатов Сергей Иванович,2,1,Исполатов
Истомин Федор Михайлович,3,1,Истомин
Истомина К.,3,1,Истомина
Кагоровская А.,1,1,Кагоровская
Калачева Елизавета,1,1,Калачева
Калмыкова Александра Михайловна,1,1,Калмыкова
Каменская А.,1,1,Каменская
Канцелярия попечителя Кавказского учебного округа,1,1,Канцелярия попечителя
Каплун Артур Абрамович,1,1,Каплун
Каплынь Н.,1,1,Каплынь
Карбышева Е.,5,1,Карбышева
Каров В.,1,1,Каров
Карпинская Е.,1,1,Карпинская
Карпова Наталия Петровна,12,1,Карпова
Катанов Николай Федорович,3,1,Катанов
Катанский С.А.,1,1,Катанский
Квитковская С.,2,1,Квитковская
Квятковская А.Ф.,3,1,Квятковская А
Келер Е.,1,1,Келер
Кетриц Бернард Эрнестович,5,2,"Кетриц, Кетрин"
Киврин Н.,2,1,Киврин
Кириллов Николай Васильевич,1,1,Кириллов
Киселев Иван Гаврилович & Киселева Ольга,1,1,Киселевы
Киселева Ольга,8,1,Киселева О
Клапаре Артур де,1,1,Клапаре
Клеменц Дмитрий Александрович,7,1,Клеменц
Клеменц Дмитрий Александрович & Клеменц Елизавета Николаевна,1,1,Клеменцы
Клеменц Елена Григорьевна,1,1,Клеменц Елена
Клеменц Елизавета Николаевна,1,1,Клеменц Е
Клеменц Елизавета Николаевна & Клеменц Дмитрий Александрович & Ольденбург Сергей Федорович & Березовский Михаил Михайлович & Корбут Евгения & Белозерова Анимаса А. & Макушин Петр Иванович,1,1,"Клеменц, Корбут и др"
Клименская З.,1,1,Клименская
Климентова З.,1,1,Климентова
Клич/Кляв И.,5,2,"Кляв, Клич"
Клишевич Н.П.,1,1,Клишевич
Княгинина Е.,1,1,Княгинина
Кобычев Александр Александрович,4,1,Кобычев
Кобьетев Иван,1,1,Кобьетев
Коваленкова Е.Е.,1,1,Коваленкова
Ковригин С.,1,1,Ковригин
Козлов Иван Савельевич,1,1,Козлов И
Козлова Елизавета Митрофановна,12,2,"Козлова Е, Козлова"
Козьмин Николай Николаевич,21,1,Козьмин
Козьмина (Яковлева) Калерия Александровна,13,1,Козьмина
Коломейцев А.Ф.,2,1,Коломейцев
Коломенкина М.А.,1,1,Коломенкина
Колосова Антонина,1,1,Колосова
Колпинский А.,1,1,Колпинский
Колубовский Яков Николаевич,1,1,Колубовский
Кольберг-Дюзоте А.,1,1,Кольберг
Комарова Н.П.,1,1,Комарова
Комиссия для пособия нуждающимся ученым,1,1,Комиссия пособия
Комиссия по организации Первого общесибирского съезда учителей и деятелей по народному образованию в Томске,1,1,Съезд учителей
Комиссия по организации научно-популярных лекций при Обществе попечения о начальном образовании,1,1,Комиссия лекций
Комитет общества пособия учащимся сибирякам,1,1,Общество пособия сибирякам
Конев О. & Мокрецов В. & Сушилов Г.Г. & Соболев Афанасий Гаврилович & И др.,1,1,Сссыльные
Конкин В.А.,2,1,Конкин
Коновалов П.К.,1,1,Коновалов
Коншин Николай Яковлевич,3,1,Коншин
Конько Д.,1,1,Конько
Корб Макс,1,1,Корб
Корбут Евгения,1,1,Корбут Е
Корбут-Григорьева А.,1,1,Корбут-Григорьева
Коренев Федор Хрисанфович,1,1,Коренев
Коржинский Сергей Иванович,8,1,Коржинский
Корнилов Александр Александрович,1,1,Корнилов
Корнилов Александр Александрович & Корнилова Наталья Антиповна,1,1,Корниловы
Корнилов Иннокентий Григорьевич,2,1,Корнилов
Корнилова Наталья Антиповна,3,1,Корнилова
Коровин В.,1,1,Коровин
Королевец П.,1,1,Королевец
Коротков А.,1,1,Коротков
Корш Иван,1,1,Корш
Космаков И.,1,1,Космаков
Костко З.К.,1,1,Костко
Костромина В.С.,1,1,Костромина
Костюрин Виктор Федорович,8,1,Костюрин
Костюрина Мария Николаевна,13,1,Костюрина
Красин Герман Борисович,2,1,Красин
Красноженова Мария Васильевна,16,1,Красноженова
Красноярский подотдел Восточно-Сибирского отдела Императорского Русского географического общества & Ошурков Василий Александрович,1,1,Ошурков
Красноярский подотдел Императорского Русского географического общества,1,1,Красноярский подотдел РГО
Кричевцова У.С.,2,1,Кричевцова
Кроль Моисей Аронович,6,1,Кроль
Круковский Михаил Антонович,10,1,Круковский
Крутова Е.,1,1,Крутова
Крутовская Лидия Симоновна,29,1,Крутовская
Крутовский Владимир Михайлович,46,1,Крутовский
Крутовский Владимир Михайлович & Крутовская Лидия Симоновна,3,1,Крутовские
Крутовский М.,1,1,Крутовский М
Куб М.,1,1,Куб
Кузнецов,1,1,Кузнецов
Кузнецов Алексей Кириллович,1,1,Кузнецов А
Кузнецов Иннокентий Петрович,4,1,Кузнецов И
Кузнецова А.,5,1,Кузнецова А
Кузнецова Д.,1,1,Кузнецова
Кулишер М.,1,1,Кулишер
Кунанбаев Нуеман Азимбаевич,3,1,Кунанбаев
Курский Михаил Онисифорович,8,1,Курский
Кусков Петр Иванович,1,1,Кусков
Кускова А.,2,1,Кускова А
Кускова Виктория,1,1,Кускова В
Кутузова Е.,1,1,Кутузова
Кучковская Е.,1,1,Кучковская
Кюрганова,1,1,Кюрганова
Кёлькенбек А.М.,1,1,Кёлькенбек
Лабаринская М.,1,1,Лабаринская
Лаби Поль,1,1,Лаби
Лавров Иван Александрович,2,2,"Лавров, Лавров И"
Лаврова А.,1,1,Лаврова
Лаврова М.,2,2,"Лаврова М, Лаврова"
Лаврская Антонина Викторовна,4,1,Лаврская А
Лаврская Антонина Викторовна & Лаврский Валериан Викторович,1,1,Лаврские А и В
Лаврская Екатерина Васильевна,6,1,Лаврская Е
Лаврский Аркадий Валерианович,6,1,Лаврский А
Лаврский Валериан Викторович,17,1,Лаврский В
Лаврский Константин Викторович,15,1,Лаврский К
Лаврский Константин Викторович & Свентицкая Мария Хрисанфовна & Тейтель Е.,1,1,"Лаврский, Свентицкая, Тейтель"
"Лаврский Лев Викторович, священник",1,1,Лаврский Л
Ладыгин Вениамин Федорович,2,1,Ладыгин
Лазари Де Александр Николаевич,3,1,Лазари
Лаптев Иннокентий Павлович,3,1,Лаптев
Лаптев Иннокентий Павлович & Коншин Николай Яковлевич & Скалозубов Николай Лукич & Раскольников & Алексеев Петр Семенович & Байдаков & Нороконев & Кащегулов,2,2,"Лаптев, Коншин и др, Лаптев, Коншин"
Ларуш А.,2,1,Ларуш
Левентон Анатолий Львович,2,1,Левентон
Левин,1,1,Левин
Лемке Михаил Константинович,1,1,Лемке
Леонович (Ангарский) Василий Викторович,15,3,"Леонтович В, Леонович, Леонович В"
Леонович М.,1,1,Леонович М
Леонтович Владимир & Леонтович Юлия Владимировна,1,1,Леонтовичи
Леонтович Юлия Владимировна,2,1,Леонтович Ю
Леонтьев,1,1,Леонтьев
Лесевич Владимир Викторович,8,1,Лесевич В
Лесевич Лидия Парменовна,4,1,Лесевич Л
Лисев Александр Иванович,1,1,Лисев
Литературный фонд,1,1,Литературный фонд
Литературный фонд & Анненский Николай Федорович,3,1,Литературный фонд
Литературный фонд & Пешехонов А.,1,1,Литературный фонд
Личков Леонид Семенович,2,1,Личков
Личкова А.,2,1,Личкова
Лобынцова Домна,2,1,Лобынцова
Лобышев А.,1,1,Лобышев
Лозинская Н.,1,1,Лозинская
Лонгиновский Карп Дмитриевич,7,1,Лонгиновский
Лопарев Хрисанф Мефодиевич,4,1,Лопарев
Лопатин Иннокентий Александрович,3,1,Лопатин
Лосев В.,2,2,"Лосев В, Лосев"
Лосева Е.,2,2,"Лосева, Лосева Е"
Лукашевич (Хмызникова) Клавдия Владимировна,1,1,Лукашевич
Лукин Леон,2,1,Лукин
Лумбунов Юмжат Лумбунович,1,1,Лумбунов
Лучинский Г.А.,1,1,Лучинский
Лушников & Казанцев & Попов Иван Иванович,1,1,"Лушников, Казанцев, Попов"
Лямина М.,3,1,Лямина
Ляпустин А.,1,1,Ляпустин
М.Ф.М.,1,1,М.Ф.М
Макаренко Алексей Алексеевич,3,1,Макаренко
Макарова А.,2,1,Макарова А
"Макар… И., священник",1,1,Макар
Макеров Яков Антонович,10,1,Макеров
Макеров Яков Антонович & Евреинов Анатолий & Головин Дмитрий,1,1,Макеров
Маковецкая Любовь Викторовна,3,1,Маковецкая
Маковецкий Николай Емельянович,1,1,Маковецкий
Максимов С.,1,1,Максимов
Максимович Карл Иванович,1,1,Максимович
Макушин Алексей Иванович,1,1,Макушин А
Макушин Петр Иванович,6,2,"Макушин, Макушин П"
Макушина Елизавета Петровна,10,2,"Макушина, Маакушина"
Малыгина Р.М.,7,1,Малыгина
Мамонтов,1,1,Мамонтов
Манухин Иван Иванович,1,1,Манухин
Мартьянов Николай Михайлович,1,1,Мартьянов
Масленникова А.,12,1,Масленникова
Маслов Дмитрий Иванович,13,1,Маслов
Матев Ал. М.,1,1,Матев
Матев Ал.М.,1,1,Матев
Матиясевич Николай С.,3,1,Матиясевич
Медведникова Г.,1,1,Медведникова
Мейнгард А.А.,1,1,Мейнгард
Мельник И.,5,1,Мельник
Менделеева Анна Ивановна,1,1,Менделеева
Мендельсон Николай Михайлович,29,1,Мендельсон
Мендельсон Николай Михайлович & Неустановленное лицо,2,1,Мендельсон
Метелкина Н.Ф.,4,1,Метелкина
Миклашевская (Лаврская) Софья Львовна,11,2,"Миклашевская, Миклашевская С"
Миклашевская (Лаврская) Софья Львовна & Лаврский Валериан Викторович,1,1,Миклашевская
Микулина-Иванова Надежда Ивановна,1,1,Иванова-Микулина
Миллер Всеволод Федорович,6,1,Миллер
Милорадова В.,1,1,Милорадова
Минаев А.,1,1,Минаев А
Минаева А.,1,1,Минаева
Минусинский городской Мартьяновский музей,1,1,Мартьяновский музей адрес 1915
Миролюбов Виктор Сергеевич,2,1,Миролюбов
Митропольская Н.,1,1,Митропольская
Михайлов А.,1,1,Михайлов А
Михайлов В. Константинович,1,1,Михайлов В
Михайлов Константин Прокофьевич,5,2,"Михайлов, Михайлов К"
Михайлова А.П.,1,1,Михайлова А
Михайлова Е.,1,1,Михайлова Е
Михайловский М.И.,1,1,Михайловский М
Михалев И.,1,1,Михалев
Михеев В.,1,1,Михеев
Михновский К.,1,1,Михновский
Мокиевская & Мокиевский П. & Выхарева & Юферова & Лихарева,1,1,Мокиевские и др
Мокиевский П.,1,1,Мокиевский
Монасевич З.,1,1,Монасевич
Монякова Елизавета Михайловна,1,1,Монякова
Морозова П.,1,1,Морозова
Московские сибиряки,1,1,Московские сибиряки
Мурзин П.,1,1,Мурзин
Муромов И.Г.,8,1,Муромов
Муромова,1,1,Муромова
Мыш Л.,1,1,Мыш
Мюллер Франц,1,1,Мюллер
Н.К. (Иркутск),4,1,Н.К
Наумов Иван,1,1,Наумов И
Наумов Николай Иванович,2,1,Наумов
Наумов Николай Николаевич,7,1,Наумов Н.Н
Наумова Татьяна Христофоровна,4,1,Наумова
Нежницкий А.,1,1,Нежницкий
Некрасов В.,1,1,Некрасов В
Некрасов В. & Скалозубов Николай Лукич,1,1,"некрасов, Скалозубов"
Некрелова Т.,1,1,Некрелова
Нестеров Андрей Павлович,1,1,Нестеров
Нестерова А.Д.,1,1,Нестерова
Неустановленное лицо,36,2,"Неустановленное лицо, "
Неустановленное лицо (ректор),1,1,Ректор
Неустановленное лицо (случайный сибиряк),1,1,
Неустановленное лицо (томский рабочий),1,1,
Неустановленное лицо из с. Огундай,1,1,
Неустроева Л.Н.,2,1,Неустроева
Никитин Е.В.,1,1,Никитин
Никифоров Николай Яковлевич,7,2,"Никифоров, Никифоров Н"
Никифоровский Николай Яковлевич,1,1,Никифоровский
Николева Маргарита Федоровна,5,1,Николева
Николева Маргарита Федоровна & Суфтина Мария Осиповна,1,1,Николева и Суфтина
Никулин Андрей Осипович,3,1,Никулин
Новомбергская Вера Алексеевна,7,1,Новомбергская
Новомбергский Николай Яковлевич,1,1,Новомбергский
Новомбергский Николай Яковлевич & Новомбергская Вера Алексеевна & Троицкий & Троицкая М. & Фоняков & Фонякова & Долин,1,1,"Новомбергские, Троицкие и др"
Номтоев Ринчен,1,1,Номтоев
Носилов Константин Дмитриевич,2,1,Носилов
Носкова Мария Гавриловна,1,1,Носкова
Обручев Владимир Афанасьевич,14,1,Обручев
Общество взаимных воспомоществований учащихся и учителей Томской губернии,1,1,Общество учащихся
Общество взаимопомощи книгопечатников,1,1,Общество книгопечатников
Общество врачей Восточной Сибири,1,1,Общество врачей
Общество врачей Енисейской губернии & Крутовский Владимир Михайлович & Козлов Иван Савельевич,1,1,Крутовский и Козлов
Общество для пособия нуждающимся литераторам и ученым,1,1,Общество пособия нуждающимся
Общество для пособия нуждающимся литераторам и ученым & Пантелеев Лонгин Федорович,1,1,Пантелеев
Общество для пособия нуждающимся литераторам и ученым & Пругавин А.,1,1,Пругавин
Общество любителей исследования Алтая,1,1,Общество изучения Алтая
Общество обывателей и избирателей,2,1,Общество обывателей
Общество попечения о начальном образовании & Соколов Е.О.,1,1,Соколов
Общество приказчиков,1,1,Общество приказчиков
Общество русских ориенталистов & Жуковский Р.,1,1,Общество ориенталистов
Общество содействия учащимся сибирякам,1,1,Общество содействия сибирякам
Общество содействия учащимся сибирякам & Сукачев Владимир Платонович,1,1,Сукачев
Окулич М.,8,1,Окулич
Окулич Николай Иванович,2,1,Окулич Н
Окунева А.,2,1,Окунева
Олигер Николай Фридрихович,4,1,Олигер
Ольденбург Сергей Федорович,5,1,Ольденбург
Оспотов,1,1,Оспотов
Островских Петр Евгеньевич,1,1,Островских
Острогорская Е.,2,1,Острогорская
Отелин С.,11,1,Отелин
"Отелин С., мадемуазель",1,1,Отелин
Ошурков Василий Александрович,10,1,Ошурков
Ошуркова А.,8,1,Ошуркова
Павлинов Николай Михайлович,1,1,Павлинов
Павлов Андрей Арсеньевич,2,1,Павлов А
Павлов Г.И.,1,1,Павлов Г
Палибин А.,1,1,Палибин А
Палибин Иван Владимирович,5,2,"Палибин И, Палибин"
Пантелеев Лонгин Федорович,19,1,Пантелеев
Пантелеев Лонгин Федорович & Пантелеева Серафима Васильевна,1,1,Пантелеевы
Пантелеева Серафима Васильевна,6,1,Пантелеева
Пареренова Екатерина,1,1,Пареренова
Патканов Серафим Керопович,1,1,Патканов
Пахоруков Е.Д.,1,1,Пахоруков
Певцов Михаил Васильевич,2,1,Певцов
Педашенко Агния Георгиевна,4,1,Педашенко А
Педашенко Александр Дмитриевич,2,2,"Педашенко А, Педашенко"
Педашенко-Третьякова Мария Ивановна,13,2,"Педашенко, Педашенко М"
Пеищев Л.,1,1,Пеищев
Передольский Владимир Васильевич,1,1,Передольский
Першин & Окунев & Инкилсинов & Барбаев & Михайлов & Бадмаев Петр Александрович & Барсуков & Трубачев & Холодов & Нинуханов & Малванов,1,1,Першин и другие
Першин (Даурский) Дмитрий Петрович,3,1,Першин Д
Першин Петр Иванович,1,1,Першин
Пешков П.,1,1,Пешков
Пизиков Василий Степанович,1,1,Пизиков
Пинягин И.,1,1,Пинягин
Пирожков Илья Иннокентьевич,1,1,Пирожков И
Пирожков Сократ Александрович,10,1,Пирожков
Писарева А.,2,1,Писарева А
Писарева А. & Уваровская Е.,1,1,Писарева и Уваровская
Писарева Евдокия Михайловна,1,1,Писарева Е
Подвинцева Анна Ивановна,2,1,Подвинцева
Позняк С.,1,1,Позняк
Позняков Николай Иванович,1,1,Позняков
Покровский В.,1,1,Покровский
Помощник почтдиректора Санкт-Петербургского почтамта,1,1,Помощник почтдиректора
Пономарев П.,1,1,Пономарев П
Попечительский совет Томских высших историко-философских курсов,1,1,Томские высшие курсы
Попов Ал. Иванович,2,1,Попов А
Попов В.А.,1,1,Попов В
Попов Г.И.,1,1,Попов Г
"Попов И., учитель",1,1,Попов И
Попов Иван Иванович,25,1,Попов И
Попов Михаил Степанович,1,1,Попов М
Попов П.С.,1,1,Попов П
Попов Р.,1,1,Попов Р
Попова В.,1,1,Попова В
Попова Н.,3,2,"Попова Н, Попова"
Потанин Михаил Федорович,3,1,Потанин М
Потанина Александра Викторовна,62,2,"Потанина А, Лаврская А"
Потанина Александра Викторовна & Лаврская Екатерина Васильевна,1,1,Потанина А
Потанина Александра Викторовна Херсонская М.,1,1,Потанина А. и Херсонская М
Потапов А.И.,1,1,Потапов
Прейн Яков Павлович,5,1,Прейн
Прейсман Вал.Г.,1,1,Прейсман
Прейсман Вал.Г. & Попов В.А.,1,1,Прейсман и Попов
Прибыткова В.В.,1,1,Прибыткова
Пронников И.,1,1,Пронников
Проскуряков Иннокентий Павлович,1,1,Проскуряков И
Проскуряков Павел Степанович,1,1,Проскуряков П
Проскуряков Павел Степанович & Проскурякова,1,1,Проскуряковы
Проскурякова Е. Павловна,30,1,Проскурякова
Протопопов Д. (Комитет грамотности),1,1,Протопопов
Прошение в Главное управление по делам печати И. Богашев,1,1,Богашев
Пушкарев Глеб Михайлович,2,1,Пушкарев
Пыпин Александр Николаевич,2,1,Пыпин
Пыпина Наталия Александровна,1,1,Пыпина
Рабданов Будда Рабданович,3,1,Рабданов
Рабданов Бурмет,1,1,Рабданов Бурмет
Рабушкевич Н.,1,1,Рабушкевич
Равич-Щерба В.В.,1,1,Равич-Щерба
Раппопорт (Ан-ский) Семен Акимович,12,1,Раппопорт
Распорядители обеда в честь Станюковича,1,1,Распорядители
Распорядитель обедов журналистов,1,1,Распорядитель обедов
Редакция Сибирского торгово-промышленного календаря & Калинский (Алтайский) Б.,1,1,Редакция календаря
Редакция газеты «Восточная заря»,1,1,Восточная заря
Редакция газеты «Сибирский вестник»,1,1,Сибирский вестник
Редакция газеты «Якутская мысль»,1,1,Якутская мысль
Редакция журнала «Молодая Сибирь»,1,1,Молодая Сибирь
Редакция журнала «Молодая Сибирь» & Алексеев Николай,1,1,Молодая Сибирь
Редакция журнала «Сибирская новь» & Гребенщиков Георгий Дмитриевич & Ильинский К.,1,1,Гребенщиков и Ильинский
Рейснер Михаил Андреевич,3,1,Рейснер
Ржавская Надежда Федоровна,28,2,"Ржавская, Ржавская."
Роборовский Всеволод Иванович,1,1,Роборовская
Родионова А.,1,1,Родионова
Розальсон-Сашковская С.,1,1,Сашковская
Розенталь И.С.,1,1,Розенталь И
Розенталь Лазарь Соломонович,3,1,Розенталь
Ромась Михаил Иванович,1,1,Ромась
Росляков И.П.,2,1,Росляков
Ротштейн А.,1,1,Ротштейн
Руднев Андрей Дмитриевич,19,1,Руднев
Русси А.Г.,1,1,Русси
Рыбаков Сергей Гаврилович,1,1,Рыбаков
Рыбалкин Михаил Петрович,1,1,Рыбалкин
Рындина Ал.,2,1,Рындина
Садовский И.В.,2,1,Садовский
Сажина Е.,1,1,Сажина
Самбо Ел.,1,1,Самбо
Саметин Л.,1,1,Саметин
Самохвалов Михаил Макарович,2,1,Самохвалов
Самохвалова Александра,2,1,Самохвалова А
Самохвалова Ольга Михайловна,3,1,Самохвалова О
Санкт-Петербургский адресный стол,6,1,Адресный стол
Санкт-Петербургское Сибирское собрание,1,1,Сибирское собрание
Сапожников Василий Васильевич,14,1,Сапожников
Сапожников И.,1,1,Сапожников И
Сбилев Н.,2,1,Сбилев
Свентицкая Мария Хрисанфовна,35,1,Свентицкая
Светлова В.,1,1,Светлова
Семевский Б.,1,1,Семевский Б
Семевский Василий Иванович,12,2,"Семевский В, Семевский"
Семенов Иван Александрович,2,1,Семенов И
Семенов Тян-Шанский Петр Петрович,1,1,Семенов П
Семенов-Тян-Шанский Андрей Петрович,1,1,Семенов А
Семенов-Тян-Шанский Петр Петрович,1,1,Семенов П
Сементовская Варвара Константиновна,2,1,Сементовская В
Сементовская Мария Яковлевна,4,1,Сементовская М
Семидалов Вениамин Иванович,30,1,Семидалов
Семипалатинский подотдел Западно-Сибирского отдела Императорского Русского географического общества & Герасимов Борис Георгиевич,1,1,СП РГО
Семипалатинский подотдел Западно-Сибирского отдела Императорского Русского географического общества & Ницкевич Н. & Коншин Николай Яковлевич,2,1,СП РГО
Сергеев Петр Иванович,1,1,Сергеев
Сергеева П.И.,6,1,Сергеева
Серебренников Иван Иннокентьевич,6,1,Серебренников
Серебрякова К.,1,1,Серебрякова
Серошевская М.,1,1,Серошевская
Серошевская Мария,1,1,Серошевская
Серошевский Вацлав Леопольдович,25,1,Серошевский
Сибирский кружок студентов,1,1,Сибирский кружок студентов
Сибирское землячество Киевского политехникума,1,1,Сибирское землячество
Сибирское товарищество печатного дела & Зубашев Ефим Лукьянович,1,1,Зубашев
Сибиряков Иннокентий Михайлович,8,2,"Сибиряков И, Сибиряков"
Сибирякова Анна Михайловна,15,3,"Сибиряков А, Сибирякова А, Сибирякова"
Сибирячки,1,1,Сибирячки
Сиверс Петр Александрович,1,1,Сиверс
Сидоровский Александр Александрович,2,1,Сидоровский
Симиренко Платон,2,1,Симиренко
Симович Надежда,1,1,Симович
Симоновская Е.В.,5,1,Симоновская
Синегуб Лариса Васильевна,1,1,Синегуб
Сиязов Михаил Михайлович (Сибиряк),1,1,Сиязов
Скалозубов Николай Лукич,7,1,Скалозубов
Словцов Иван Яковлевич,1,1,Словцов
Смагин В.В.,1,1,Смагин
Смирнов Е.,2,1,Смирнов Е
Смирнова А.Л.,3,2,"Смирнова, Смирнова А"
Смирнова М.П.,1,1,Смирнова М
Соболев Михаил Николаевич,8,1,Соболев М
Соболев Порфирий Николаевич,3,1,Соболев
Соболева Вера Петровна,1,1,Соболева
Совет Общества попечения о начальном образовании,1,1,Совет начального образования
Совет Томского педагогического общества,1,1,Педобщество
Совет общества распространения народного образования,1,1,Совет народного образования
Совет общества распространения народного образования и народных развлечений & Первушин Л.,1,1,Первушин
Соколов Е.О.,1,1,Соколов
Солдатенко Ф.И.,1,1,Солдатенко
Солдатов Владимир Константинович,10,1,Солдатов
Солдатов Владимир Константинович & Головачев Дмитрий Михайлович & Михайлов Константин Прокофьевич & Бирюков & Смирнов Е. & Перегудов,1,1,"Солдатов, Головачев и др"
Солдатов Владимир Константинович & Солдатова,1,1,Солдатовы
Соловкин Анатолий Иванович,2,1,Соловкин
Сорокин Павел,7,1,Сорокин П
Союз взаимопомощи русских писателей,2,1,Союз писателей
Старцев Алексей Дмитриевич,1,1,Старцев
Старынкевич Константин Сократович,1,1,Старынкевич
Стасов Владимир Васильевич,2,1,Стасов
Стишов Г.,2,1,Стишов
Страхова Мария Ивановна,1,1,Строхова
Стукачева Евдокия Александровна,4,1,Стукачева
Сукачев Борис Владимирович,3,1,Сукачев Б
Сукачев Владимир Платонович,7,2,"Сукачев В, Сукачев"
Сукачевы,1,1,Сукачевы
Сулье,2,1,Сулье
Суфтина Мария Осиповна,3,1,Суфтина
Суханов Александр Степанович,1,1,Суханов
Сущинский Петр Петрович,1,1,Сущинский
Сыромятников Александр Адрианович,2,1,Сыромятников
Талько-Гринцевич Юлиан Доминикович,6,2,"Гринцевич, Талько-Гринцевич"
Танырбердиф,1,1,Танырбердиф
Таскин Д.,2,1,Таскин
Тачалов Иван Иванович,1,1,Тачалов
Тейтель Е.,2,1,Тейтель
Тернер М.Я.,1,1,Тернер
Тиблен Н.,16,2,"Тиблен Н, Тиблен"
Тиблен Ольга Николаевна,8,1,Тиблен О
Тимашев П.С. & Симен А.,1,1,Тимашев
Тинкело Е.А.,1,1,Тинкело
Типография «Петербургской газеты»,1,1,Типография
Титов В.С.,1,1,Титов
Тихонравова Раиса,15,1,Тихонравова Р
Тихонравова Раиса & Волкова Пана,1,1,Тихонравова Р. и Волкова
Тихонравова Раиса & Тихонравова Наталья Андреевна,2,1,Тихонравова Р
Тобольский губернский музей,1,1,Тобольский музей
Токмакова Е.,3,1,Токмакова
Толмачев Иннокентий Павлович,1,1,Толмачев
Томилов,2,1,Томилов
Томская городская управа,2,1,Томская управа
Томская группа Учительского союза,1,1,Учительский союз
Томский литературно-артистический кружок,2,1,Литературный кружок
Томское Общество изучения Сибири,1,1,ОИС
Томское губернское управление & Мейер & Мажиев Э.,2,1,Губернское управление
Томское общество взаимного кредита,1,1,Общество кредита
Томское общество садоводства,1,1,Общество садоводства
Томское общество садоводства & Иваницкий Николай Александрович,1,1,Иваницкий
Томское отделение Императорского Русского музыкального общества,3,2,"Музыкальное общество, ТО РМО"
Травникова В.,2,1,Травникова
Трапезников А. & Косягин Н.,2,1,Трапезников и Косягин
Третьякова Анна Иосифовна (Осиповна),6,1,Третьякова А
Трикулов Н.,1,1,Трикулов
Троицкая М.,1,1,Троицкая
Троицкосавско- Кяхтинское отделение Приамурского отдела Императорского Русского географического общества,1,1,ПО РГО
Троповский А.Н.,1,1,Троповский
Труховская Доминика Васильевна,1,1,Труховская
Тыжнов Иннокентий Иванович,2,1,Тыжнов
Тюмен Эмиль фон (Thumen),1,1,Тюмен
Тюменцева Елена Гавриловна,2,1,Тюменцева
Тютрюмов П.,1,1,Тютрюмов
Тютрюмова Р.А.,4,1,Тютрюмова Р
Тютрюмова Феофания Николаевна,3,1,Тютрюмова Ф
Тягунова О.,1,1,Тягунова
Уваровская Е.,1,1,Уваровская
Уотерс Юлий,6,1,Уотерс
Управление Сибирской железной дороги,1,1,Управление СЖД
Управляющий фабрики в с. Колыванское,1,1,Управляющий
Урываев Д.,1,1,Урываев
Усов Иван Николаевич,1,1,Усов
Успенских,1,1,Успенских
Участники Сибирского обеда,1,1,Участники Сибирского обеда
Ушаков А.,1,1,Ушаков А
Фарафонтова Таисия Михайловна,67,1,Фарафонтова
Федченко Владимир Иванович,15,1,Федченко
Филимонова Софья Васильевна,1,1,Филимонова
Филиппов М.В.,1,1,Филиппов М
Финчино Д.,1,1,Финчино
Фролов-Багреев & Филиппов М.В.,1,1,Филиппов
Х.М.,1,1,Х.М
Харульский Ф.,1,1,Харульский
Хейсин Миней Леонтьевич,1,1,Хейсин
Херсонская Е.,2,1,Херсонская
Херсонский Григорий Хрисанфович,7,1,Херсонский
Хлусович Анастасия Антоновна,1,1,Хлусович
Хмелева Ольга Неоновна,1,1,Хмелева
Цветковский Юрий Юрьевич,2,1,Цветковский
Цезарская Л.,5,1,Цезарская
Цезарская Л. & Блохина М.,1,1,Цезарская Блохина
Цырен Лама,1,1,Цырен Лама
Чарушин А.,2,2,"Чарушин А., Чарушин А"
Чарушина Анна Дмитриевна,1,1,Чарушин
Чачина Ольга Ивановна,1,1,Чачина
Черевков В.,1,1,Черевков
Черемисинов В.,1,1,Черемисинов
Черемисинова В.В.,2,1,Черемисинова
Черепанова Мария Павловна,9,1,Черепанова
Чистякова В.,1,1,Чистякова
Чорманов Садвокас,1,1,Чорманов С
Чувашева Августа,1,1,Чувашева
Чудновская Любовь Давыдовна,1,1,Чудновская
Чудновский Соломон Лазаревич,1,1,Чудновский
Чудновский Соломон Лазоревич,1,1,Чудновский
Чурофин,1,1,Чурофин
Шавров Иннокентий Егорович,1,1,Шавров
Шайтанов Александр Дмитриевич,1,1,Шайтанов
Шалаева Марина Юльевна,1,1,Шалаева
Шалфеев П.,1,1,Шалфеев
Шашков Серафим Серафимович,1,1,Шашков
Швецова Мария Васильевна,1,1,Швецова
Шерстобоев Н.Т.,1,1,Шерстообев
Шестакова А.,1,1,Шестакова
Шибанов Павел Петрович,1,1,Шибанов
Ширяев Федор Геннадьевич,1,1,Ширяев
Шишмарев Яков Парфентьевич,1,1,Шишмарев
Шишмарев Яков Парфеньевич,1,1,Шишмарев
Шнейдер А.,1,1,Шнейдер
Шоканов,1,1,Шоканов
Шольп Евгений Густавович,1,1,Шольп
Шостакович Б.,1,1,Шостакович Б
Шостакович Владимир Болеславович,4,1,Шостакович
Штаб Омского военного округа,1,1,Штаб Омского округа
Штемнин Э.,1,1,Штемнин
Штильке Василий Константинович,6,1,Штильке
Шутнов А.,1,1,Шутнов
Щировская А.,3,1,Щировская
Эггерс и Ко,3,1,Эггерс
"Этнографический отдел Императорского общества любителей естествознания, антропологии и этнографии",2,1,Этнографический отдел
Юбекратная,2,1,Юбекратная
Южаков Сергей Николаевич,1,1,Южаков
Юрганова (Вяткина) Капитолина Васильевна,3,1,Юрганова
Юридическое общество при Томском университете & Боголепов Михаил Иванович & Усенович И.Л.,1,1,Юридическое общество
Ягдфельд,1,1,Ягдфельд
Ядринцев Лев Николаевич,3,1,Ядринцев Л
Ядринцев Николай Михайлович,2,2,"Ядринцев, Ядринцев М"
Ядринцев Николай Михайлович & Черемшанский Александр Евграфович & Павлов Андрей Арсеньевич,1,1,"Ядринцев, Черемшанский, Павлов"
Ядринцева (Злобина) Лидия Николаевна,7,1,Ядринцева Л
"Ядринцева (Злобина, Доброва) Лидия Николаевна",3,1,Ядринцева Л
Яковлев В.,3,1,Яковлев В
Яковлев Сергей Александрович,1,1,Яковлев С
Яковлева Евдокия Егоровна / Григорьевна,40,2,"Яковлева, Яковлева Е"
Яковлева Лидия Николаевна,1,1,Яковлева Л
Якубович Петр Филиппович,1,1,Якубович
Янковская А.,1,1,Янковская
Яновский Кирилл Петрович,2,1,Яновский
Янчук Николай Андреевич,9,1,Янчук
Ярилов Арсений Арсеньевич,7,1,Ярилов
Яшеров Павел Борисович,8,1,Яшеров
